<package>
	<contenttype>Update</contenttype>
	<name>Update2.6.0</name>
	<version>2.6.0</version>
	<access_url></access_url>
	<url></url>
	<content>
		<item>
			<type>dir</type>
			<src>application</src>
			<dst>application</dst>
		</item>
		<item>
			<type>dir</type>
			<src>assets</src>
			<dst>assets</dst>
		</item>
		<item>
			<type>dir</type>
			<src>dbc_config</src>
			<dst>dbc_config</dst>
		</item>
		<item>
			<type>dir</type>
			<src>system</src>
			<dst>system</dst>
		</item>
	</content>	
</package>